model,runs,n,exact_match_mean,exact_match_std,target_ppl_mean,target_ppl_std
base,5,250,0.22,0.415077,266.438474,1069.862857
ep1,5,250,0.1,0.300602,490.704506,3154.784401
ep2,5,250,0.1,0.300602,504.256864,3252.737083
ep3,5,250,0.12,0.325613,620.437094,4059.096593
instruct,5,250,0.16,0.367341,4172.242238,11638.035085
