model,runs,n,exact_match_mean,exact_match_std,target_ppl_mean,target_ppl_std
base,5,250,0.2,0.400802,215.397892,883.217102
ep1,5,250,0.16,0.367341,238.085582,1060.052371
ep2,5,250,0.16,0.367341,243.522928,1092.04874
ep3,5,250,0.16,0.367341,240.341286,1062.69971
instruct,5,250,0.2,0.400802,371.784392,1447.65318
