model,runs,n,exact_match_mean,exact_match_std,target_ppl_mean,target_ppl_std
base,5,550,0.090909,0.287741,1859.201877,13349.825755
ep1,5,550,0.190909,0.393375,506.871275,2253.720468
ep2,5,550,0.154545,0.3618,493.410937,2183.291714
ep3,5,550,0.163636,0.370282,525.479948,2337.478198
instruct,5,550,0.1,0.300273,3058.724546,23129.788948
