model,runs,n,exact_match_mean,exact_match_std,target_ppl_mean,target_ppl_std
base,5,550,0.090909,0.287741,1050.029232,5597.590918
ep1,5,550,0.109091,0.312037,393.333022,1767.19862
instruct,5,550,0.118182,0.323117,2240.694551,12456.871545
