model,runs,n,exact_match_mean,exact_match_std,target_ppl_mean,target_ppl_std
base,5,550,0.118182,0.323117,1831.429908,12799.558947
ep1,5,550,0.190909,0.393375,334.162159,1985.426019
ep2,5,550,0.218182,0.413387,415.214637,2927.809726
ep3,5,550,0.227273,0.419452,485.677502,3628.825283
instruct,5,550,0.1,0.300273,11350.88835,55207.62397
