model,runs,n,exact_match_mean,exact_match_std,target_ppl_mean,target_ppl_std
base,5,550,0.127273,0.333582,1250.292298,7340.97102
ep1,5,550,0.190909,0.393375,235.854015,1196.6187
instruct,5,550,0.109091,0.312037,3760.718783,24867.240403
