model,runs,n,exact_match_mean,exact_match_std,target_ppl_mean,target_ppl_std
base,5,250,0.16,0.367341,216.718454,746.79706
ep1,5,250,0.12,0.325613,118.465084,352.498056
ep2,5,250,0.1,0.300602,122.471776,372.638017
ep3,5,250,0.12,0.325613,121.74571,364.927647
instruct,5,250,0.12,0.325613,248.830978,551.476914
