model,runs,n,exact_match_mean,exact_match_std,target_ppl_mean,target_ppl_std
base,5,550,0.081818,0.274337,2938.269963,21238.668237
ep1,5,550,0.145455,0.352879,2712.79314,20894.438683
ep2,5,550,0.145455,0.352879,2477.707846,18589.479258
ep3,5,550,0.136364,0.343487,2670.729069,20761.43472
instruct,5,550,0.1,0.300273,3042.777121,21315.875658
