model,runs,n,exact_match_mean,exact_match_std,target_ppl_mean,target_ppl_std
base,5,550,0.081818,0.274337,1276.275893,9260.412625
ep1,5,550,0.172727,0.378355,705.923925,4370.341047
instruct,5,550,0.136364,0.343487,1806.085668,14953.896916
